{"cameraMode":{"drawMode":0,"name":"Shaded","section":"Shading Mode"},"sceneLighting":true,"audioPlay":false,"sceneViewState":{"showFog":true,"showMaterialUpdate":false,"showSkybox":true,"showFlares":true,"showImageEffects":true,"showParticleSystems":true},"in2DMode":false,"pivot":{"x":-11.490304946899414,"y":6.476921558380127,"z":-108.29032135009766},"rotation":{"x":-0.2840390205383301,"y":0.5945478677749634,"z":-0.23660427331924439,"w":-0.7142028212547302},"size":14.260259628295899,"orthographic":false}